post_id,title,created_at,url,score
39208937,How AI is replacing data analysts,2024-01-31T20:29:47.000Z,https://datalynx.ai/blog/replace-your-analysts,1
39208931,Show HN: Sreeducation – Cloud Learning Experience in 3D,2024-01-31T20:29:18.000Z,https://www.sreeducation.eu/,1
39208908,Alien Wizbot Crypto Recovery,2024-01-31T20:26:40.000Z,,1
39208892,37C3's iPhone 15: Under the C [video],2024-01-31T20:25:02.000Z,https://www.youtube.com/watch?v=Y8MlsiMoLAQ,1
39208887,Ask HN: Are you seeing AI used in places where it shouldn't be?,2024-01-31T20:24:45.000Z,,1
39208876,Mission Control – Jobs,2024-01-31T20:23:57.000Z,https://dev.37signals.com/mission-control-jobs/,1
39208873,HeLa: Oldest Immortal Cell Line,2024-01-31T20:23:34.000Z,https://en.wikipedia.org/wiki/HeLa,1
39208845,Ask HN: What do I do about boredom?,2024-01-31T20:20:58.000Z,,2
39208831,Global climate spending reached $1.3T per year in '21/'22; nearly double '19/'20,2024-01-31T20:20:14.000Z,https://www.climatepolicyinitiative.org/publication/global-landscape-of-climate-finance-2023/,1
39208805,How Does a "Reverse Sprinkler" Work?,2024-01-31T20:18:42.000Z,https://www.nyu.edu/about/news-publications/news/2024/january/how-does-a--reverse-sprinkler--work--researchers-solve-decades-o.html,1
39208804,UN: To preserve a livable planet; temp rise can't exceed 1.5C above 1800s levels,2024-01-31T20:18:41.000Z,https://www.un.org/en/climatechange/net-zero-coalition,1
39208797,Cognition in brainless organisms is redefining what it means to learn,2024-01-31T20:17:49.000Z,https://www.thetransmitter.org/cognition/cognition-in-brainless-organisms-is-redefining-what-it-means-to-learn/,1
39208789,State of React Native 2023 – Survey Results,2024-01-31T20:16:54.000Z,https://results.stateofreactnative.com/,1
39208761,Pedestrian Simulator 2024,2024-01-31T20:14:46.000Z,https://managore.itch.io/pedestrian-simulator-2024,1
39208759,Pathom 3: A Library for Navigating Data,2024-01-31T20:14:30.000Z,https://github.com/wilkerlucio/pathom3,1
39208747,One Glass of Wine or Beer Daily May Cause Brain to Shrink (2022),2024-01-31T20:13:10.000Z,https://www.usatoday.com/story/news/health/2022/03/09/beer-glass-wine-daily-brain-shrink/9425508002/,2
39208731,Buggy software is dogging the switch to electric cars,2024-01-31T20:11:47.000Z,https://www.axios.com/2024/01/31/gm-ev-electric-vehicle-error-software,8
39208725,"Leaky Vessels" Docker Container Breakout Vulnerability,2024-01-31T20:11:22.000Z,https://snyk.io/blog/leaky-vessels-docker-runc-container-breakout-vulnerabilities/,3
39208723,Emboxified by the Wrong Kind of Button,2024-01-31T20:11:20.000Z,https://serioushelp.substack.com/p/emboxified-by-the-wrong-kind-of-button,1
39208714,The Hedgehog and the Fox (1953) [pdf],2024-01-31T20:10:57.000Z,https://www.arvindguptatoys.com/arvindgupta/hedgehog-berlin.pdf,1
39208706,Spikes,2024-01-31T20:10:10.000Z,https://untested.sonnet.io/Spikes,1
39208702,The Burial of William the Conqueror: A Comedy of Errors,2024-01-31T20:09:53.000Z,http://strangeco.blogspot.com/2024/01/the-burial-of-william-conqueror-comedy.html,1
39208694,What is the best approach in making a website in 2024?,2024-01-31T20:09:12.000Z,,1
39208684,Circular Reference Attributed Grammars (2004) [pdf],2024-01-31T20:07:59.000Z,https://fileadmin.cs.lth.se/sde/publications/papers/2007-MagnussonEva-CRAGs-SCP-Preprint.pdf,1
39208673,I Moved My Blog from IPFS to a Server,2024-01-31T20:07:02.000Z,https://neimanslab.org/2024-01-31/why-i-moved-my-blog-ipfs-to-server.html,9
39208669,Tomorrow Belongs to the Spiritual Cyborg,2024-01-31T20:06:48.000Z,https://reincantamentox.substack.com/p/drop-10-tomorrow-belongs-to-the-spiritual,1
39208667,Conformal Prediction Sets Improve Human Decision Making,2024-01-31T20:06:45.000Z,https://arxiv.org/abs/2401.13744,1
39208664,X suspended 12M accounts in 2023 for violating CSE policies; up from 2.3M,2024-01-31T20:06:23.000Z,https://twitter.com/SawyerMerritt/status/1752719709072416950,1
39208652,Ask HN: Advice for turning my side project into a real business,2024-01-31T20:05:04.000Z,,2
39208647,Allchemy – infinite AI-powered alchemy game,2024-01-31T20:04:53.000Z,https://allchemy.io/,2
39208639,Audacy Plans to Cut 25% of Staff in Podcast Division,2024-01-31T20:04:13.000Z,https://www.bloomberg.com/news/articles/2024-01-31/audacy-plans-to-cut-jobs-in-its-pineapple-podcast-division,2
39208637,Managing State with VDOM,2024-01-31T20:04:02.000Z,https://tonsky.me/blog/humble-vdom/,1
39208633,Japan gives up on 1.44MB floppy disks; 50 years after they went on sale,2024-01-31T20:03:33.000Z,https://www.techradar.com/pro/japan-finally-gives-up-on-144mb-floppy-disk-drives-50-years-after-they-went-on-sale-but-theres-no-sign-of-microsoft-removing-the-iconic-save-floppy-icon-from-office-just-yet,8
39208629,Fighting Infomania: Why 80% of Your Reading Is a Waste of Time,2024-01-31T20:03:18.000Z,https://www.nateliason.com/blog/infomania,27
39208613,Starlink's Laser System Is Beaming 42M GB of Data per Day,2024-01-31T20:02:28.000Z,https://www.pcmag.com/news/starlinks-laser-system-is-beaming-42-million-gb-of-data-per-day,5
39208602,Peugeot adding ChatGPT AI to cars; revealing new three-row SUV soon – CarExpert,2024-01-31T20:01:44.000Z,https://www.carexpert.com.au/car-news/peugeot-to-add-chatgpt-ai-new-5008-date-confirmed,1
39208594,Show HN: Multimodal AI Dataset for Training Python AI Coding Copilots,2024-01-31T20:00:58.000Z,,1
39208593,Certificate of Need,2024-01-31T20:00:54.000Z,https://en.wikipedia.org/wiki/Certificate_of_need,3
39208589,David Mills; the internet's 'father time;' dies at 85,2024-01-31T20:00:44.000Z,https://www.washingtonpost.com/obituaries/2024/01/26/david-mills-network-time-protocol-internet-obituary/,2
39208583,25 Patterns for High Performance Software (Part 1),2024-01-31T20:00:15.000Z,https://veeralpatel.substack.com/p/25-patterns-for-high-performance-part-1,1
39208577,Affordable; Sustainable Solution for Flat-Panel Displays and Wearable Tech,2024-01-31T19:59:53.000Z,https://newscenter.lbl.gov/2024/01/22/affordable-sustainable-solution-flat-panel-displays-wearable-tech/,2
39208563,CivitAI Generation Params Scraper!,2024-01-31T19:59:05.000Z,https://github.com/jeffjbowie/CivitAI_Prompt_Scraper,1
39208546,How to Use Tela for Consulting,2024-01-31T19:58:06.000Z,https://telablog.com/how-to-use-tela-for-consulting/,1
39208529,HSBC fined £57.4M for customer deposit protection failings,2024-01-31T19:56:49.000Z,https://www.bbc.com/news/business-68138476,2
39208522,Building a GUI platform – Action-State using Zig and raylib,2024-01-31T19:55:54.000Z,https://lukewilliamboswell.github.io/roc-ray-experiment/,2
39208492,Artificial Intelligence is a total misnomer (2015),2024-01-31T19:54:02.000Z,https://medium.com/@maebert/artificial-intelligence-is-a-total-misnomer-ebcf551349e4,1
39208488,Facebook's ad targeting gets help from other companies,2024-01-31T19:53:41.000Z,https://www.theverge.com/2024/1/17/24041897/facebook-meta-targeted-advertising-data-mining-study-privacy,2
39208464,Heptapod 1.0 and a Roadmap for 2024,2024-01-31T19:51:38.000Z,https://heptapod.net/heptapod-1-0-2024-roadmap.html,1
39208453,Show HN: Mlinfra – Your Gateway to Hassle-Free ML Infrastructure Deployment,2024-01-31T19:51:06.000Z,https://mlinfra.io/,1
39208451,Show HN: Some blind hackers are bridging IRC to LMMs running locally,2024-01-31T19:50:59.000Z,https://2mb.codes/~cmb/ollama-bot/,13
39208435,Help Us Reach Our Goal of 24 Solid State Drive Sets,2024-01-31T19:49:22.000Z,https://www.nwtime.org/,1
39208423,It will be possible to install extensions in Edge for Android,2024-01-31T19:48:35.000Z,https://twitter.com/Leopeva64/status/1752660277345091893,2
39208414,'You have blood on your hands'; US senator tells Zuckerberg [video],2024-01-31T19:47:58.000Z,https://www.youtube.com/watch?v=UtlaKIC1JSQ,6
39208404,The iPhone's Funny Price (2007),2024-01-31T19:47:16.000Z,https://daringfireball.net/2007/05/iphones_funny_price,1
39208403,Ask HN: Is YouTube Down?,2024-01-31T19:47:11.000Z,,1
39208402,Flow of Time: Reality or Illusion?,2024-01-31T19:46:51.000Z,https://blog.oup.com/2023/11/flow-of-time-reality-or-illusion/,1
39208396,Roblox is giving creators 100% of their revenue from some developer assets,2024-01-31T19:46:29.000Z,https://www.tubefilter.com/2024/01/29/roblox-creator-store-fees/,2
39208388,Finland's 'DJ' candidate hopes to become country's first Green and gay president,2024-01-31T19:46:01.000Z,https://www.theguardian.com/world/2024/jan/28/finlands-dj-candidate-hopes-to-become-the-countrys-first-green-and-gay-president,1
39208367,'Old smokers' and 'squalling newborns' among hidden stars spotted for first time,2024-01-31T19:44:27.000Z,https://phys.org/news/2024-01-smokers-squalling-newborns-hidden-stars.html,1
39208356,How Big Tech Makes the U.S. a Spying Superpower,2024-01-31T19:43:27.000Z,https://www.notus.org/technology/big-tech-fisa-702-american-spying-superpower,2
39208355,The politics of Section 230 reform: learning from FOSTA's mistakes,2024-01-31T19:43:20.000Z,https://www.brookings.edu/articles/the-politics-of-section-230-reform-learning-from-fostas-mistakes/,1
39208352,Neuralink implanted a device in its first human,2024-01-31T19:43:05.000Z,https://www.nbcnews.com/tech/tech-news/elon-musk-says-startup-neuralink-implanted-device-first-human-rcna136285,1
39208350,Mutative 1.0 – A New Era in Efficient Immutable Updates,2024-01-31T19:42:56.000Z,https://mutative.js.org/blog/releases/1.0/,2
39208345,Show HN: GrowLab AI's 'Grow Together' – Referral System for Passive Income in AI,2024-01-31T19:42:16.000Z,https://growlab.ai/about/referrals,1
39208333,SnooRoartracker,2024-01-31T19:41:01.000Z,https://old.reddit.com/r/SnooRoartracker/,1
39208326,Wikipedian Osama Khalid celebrated his 30th birthday in jail,2024-01-31T19:40:31.000Z,https://en.wikipedia.org/wiki/Wikipedia:Wikipedia_Signpost/2024-01-31/News_and_notes,7
39208317,Scientists Destroy Illusion That Coin Toss Flips Are 50–50,2024-01-31T19:40:06.000Z,https://www.scientificamerican.com/article/scientists-destroy-illusion-that-coin-toss-flips-are-50-50/,1
39208309,Ask HN: How to learn to solve problems using AI?,2024-01-31T19:39:23.000Z,,1
39208306,Superhuman artificial intelligence can improve human decision-making by incr...,2024-01-31T19:39:16.000Z,https://www.pnas.org/doi/epdf/10.1073/pnas.2214840120,1
39208285,AI is changing search; for better or worse,2024-01-31T19:37:34.000Z,https://www.theregister.com/2024/01/30/ai_is_changing_search/,2
39208282,A ghostly shipwreck has emerged in Newfoundland,2024-01-31T19:37:26.000Z,https://www.cbc.ca/news/canada/newfoundland-labrador/ghostly-shipwreck-cape-ray-1.7097333,2
39208278,Exploring OCR Capabilities of GPT-4V,2024-01-31T19:37:18.000Z,https://arxiv.org/abs/2310.16809,2
39208272,Metronome raises 43M for usage-based billing,2024-01-31T19:36:49.000Z,https://techcrunch.com/2024/01/31/metronomes-usage-based-billing-software-finds-hit-in-ai-raises-43m-in-fresh-capital/,1
39208253,Leaked GitHub Token Exposed Mercedes Source Code,2024-01-31T19:34:56.000Z,https://www.securityweek.com/leaked-github-token-exposed-mercedes-source-code/,1
39208241,Inferring Private Personal Attributes of VR Users from Head and Hand Motion Data,2024-01-31T19:33:58.000Z,https://arxiv.org/abs/2305.19198,2
39208236,Consider the Vulture,2024-01-31T19:33:31.000Z,https://www.newyorker.com/news/letter-from-nepal/consider-the-vulture,1
39208233,Fla. Man Charged in SIM-Swapping Spree Is Key Suspect,2024-01-31T19:33:22.000Z,https://krebsonsecurity.com/2024/01/fla-man-charged-in-sim-swapping-spree-is-key-suspect-in-hacker-groups-oktapus-scattered-spider/,2
39208213,Mistral CEO confirms 'leak' of new open source AI model nearing GPT4 performance,2024-01-31T19:32:14.000Z,https://venturebeat.com/ai/mistral-ceo-confirms-leak-of-new-open-source-ai-model-nearing-gpt-4-performance/,138
39208205,Hack of PJ&A tops 2023 US healthcare data breaches as tally jumps by 4M,2024-01-31T19:31:33.000Z,https://www.scmagazine.com/news/hack-of-pja-tops-2023-us-healthcare-data-breaches-as-tally-jumps-by-4m,1
39208202,Proton releases Beta version of Proton Mail desktop app,2024-01-31T19:31:22.000Z,https://proton.me/support/mail-desktop-app,4
39208200,One of two new high-severity bugs in Ivanti exploited in the wild,2024-01-31T19:31:13.000Z,https://www.scmagazine.com/news/one-of-two-new-high-severity-bugs-in-ivanti-exploited-in-the-wild,1
39208198,Could AMD break Nvidia's chokehold on chips?,2024-01-31T19:30:50.000Z,https://www.economist.com/business/2024/01/31/could-amd-break-nvidias-chokehold-on-chips,1
39208186,Xenobots,2024-01-31T19:29:47.000Z,https://en.wikipedia.org/wiki/Xenobot,1
39208174,From Ephemeral to Everlasting: Understanding Container Volumes,2024-01-31T19:28:46.000Z,https://dhruvbindra.com/blogs/container-volumes/,1
39208162,In Praise of Buttons,2024-01-31T19:28:02.000Z,https://www.nubero.ch/blog/009/,2
39208161,Programming the Kernel with eBPF,2024-01-31T19:27:39.000Z,https://www.kerno.io/blog/programming-the-kernel-with-ebpf,2
39208149,Si Units for Request Rate,2024-01-31T19:26:57.000Z,https://two-wrongs.com/si-units-for-request-rate,4
39208141,Who Controls Your Thoughts?,2024-01-31T19:26:10.000Z,https://nautil.us/who-controls-your-thoughts-498055/,1
39208133,Two-day hands-on RAG Bootcamp for developers,2024-01-31T19:25:24.000Z,https://twitter.com/martin_casado/status/1752407744005525723,2
39208130,Using AI to Decode Animal Communication with Aza Raskin [video],2024-01-31T19:25:05.000Z,https://www.youtube.com/watch?v=3tUXbbbMhvk,2
39208114,Zuckerberg; Linda Yaccarino among tech CEOs grilled for failing to protect kids,2024-01-31T19:23:58.000Z,https://text.npr.org/1228062503,2
39208106,eBay agreed pay $59M over claims it sold equipment to manufacture illegal drugs,2024-01-31T19:23:02.000Z,https://www.bbc.com/news/world-us-canada-68063742,1
39208099,Scientists develop an agent capable of inhibiting the body's stress response,2024-01-31T19:22:12.000Z,https://medicalxpress.com/news/2024-01-scientists-agent-capable-inhibiting-body.html,1
39208076,The Facts About Electronic Surveillance Reform,2024-01-31T19:20:45.000Z,https://www.justsecurity.org/91633/the-facts-about-electronic-surveillance-reform/,1
39208075,Vitamin D status in post-medieval Northern England,2024-01-31T19:20:43.000Z,https://journals.plos.org/plosone/article?id=10.1371/journal.pone.0296203,1
39208071,Deconstructing the Database (2012) [video],2024-01-31T19:20:17.000Z,https://www.youtube.com/watch?v=Cym4TZwTCNU,1
39208051,Getting beyond the BS of leadership literature,2024-01-31T19:18:02.000Z,https://www.mckinsey.com/featured-insights/leadership/getting-beyond-the-bs-of-leadership-literature,1
39208029,Give AI curiosity; and it will watch TV forever (2018),2024-01-31T19:15:11.000Z,https://qz.com/1366484/give-ai-curiosity-and-it-will-watch-tv-forever,43
39208015,2024 Answers for AWS survey is live,2024-01-31T19:13:20.000Z,https://answersforaws.com/survey/,1
39207995,Fed Holds Rates Steady and Inches Closer to Cutting in Future,2024-01-31T19:11:56.000Z,https://www.bloomberg.com/news/articles/2024-01-31/fed-holds-rates-steady-and-inches-closer-to-cutting-in-future,3
39207993,Disney trips are so complicated now that you need a class to plan one,2024-01-31T19:11:51.000Z,https://www.washingtonpost.com/travel/2024/01/30/disney-world-planning-genie-plus-webinar/,2
39207974,Graphic Visualizations Index,2024-01-31T19:10:19.000Z,https://50statespublicsafety.us/viz-index/,1
39207963,Working with ChatGPT Functions on Heroku,2024-01-31T19:08:52.000Z,https://blog.heroku.com/working-with-chatgpt-functions-on-heroku,1
39207928,Palworld Becomes the Biggest 3rd Party Game Pass Launch,2024-01-31T19:05:34.000Z,https://news.xbox.com/en-us/2024/01/31/palworld-biggest-3rd-party-game-pass-launch-ever/,1
39207911,US has highest syphilis numbers since 1950,2024-01-31T19:04:09.000Z,https://apnews.com/article/syphilis-gonorrhea-std-sexually-transmitted-cdc-17c748701b8da8024f06869460b33961,3
39207890,Show HN: Samsung NVMe Developers AMA,2024-01-31T19:02:27.000Z,https://old.reddit.com/r/databasedevelopment/comments/1afpezz/samsung_nvme_developers_ama/,2
39207889,Testing a Language-Using Parrot for Telepathy,2024-01-31T19:02:26.000Z,https://www.sheldrake.org/research/animal-powers/abstract-testing-a-language-using-parrot-for-telepathy,1
39207876,Interview with Bridgy Fed dev; who connects different federated protocols,2024-01-31T19:01:11.000Z,https://wedistribute.org/podcast/bridgyfed-ryan-barrett/,1
39207875,6502 Instructions (2022),2024-01-31T19:01:08.000Z,https://www.pagetable.com/c64ref/6502/?tab=2,1
39207872,Arctic Adventure: A Lost 1981 TRS-80 Adventure Game,2024-01-31T19:00:45.000Z,https://www.arctic81.com,2
39207866,Investment management is quietly being disrupted,2024-01-31T18:59:51.000Z,https://fundmarketer.substack.com/p/investment-flows-now-measure-market,1
39207850,PlayerFinder – Unite; Play; Win: The Ultimate LFG App,2024-01-31T18:58:59.000Z,https://playerfinder.gg/,1
39207847,eBay will pay $59M to settle DOJ suit over pill press machine sales,2024-01-31T18:58:50.000Z,https://abcnews.go.com/Business/wireStory/ebay-pay-59-million-settlement-pill-presses-sold-106831861,1
39207837,Zuckerberg says sorry for Meta harming kids–but rejects payments to families,2024-01-31T18:58:11.000Z,https://arstechnica.com/tech-policy/2024/01/zuckerberg-says-sorry-for-meta-harming-kids-but-rejects-payments-to-families/,1
39207834,What Is "Aaron's",2024-01-31T18:58:01.000Z,https://www.stockstobuynow.wiki/aarons-company-inc-overview-and-key-charts/,1
39207832,In the Shadow of Silicon Valley: Losing San Francisco,2024-01-31T18:57:51.000Z,https://www.lrb.co.uk/the-paper/v46/n03/rebecca-solnit/in-the-shadow-of-silicon-valley,12
39207819,Meta CEO Mark Zuckerberg apologizes to families of children harmed online,2024-01-31T18:56:42.000Z,https://abcnews.go.com/Politics/social-media-ceos-face-grilling-senators-child-safety/story?id=106825984,6
39207797,Phantom Types,2024-01-31T18:55:20.000Z,https://experimentalworks.net/posts/2024-01-22-simple-phantom-types/,1
39207793,Show HN: Watch Life – A compact "analog" watch in Conway's Game of Life,2024-01-31T18:54:54.000Z,https://github.com/pmerolla/watch-life,4
39207778,Cursorless: A spoken language for editing code (2023) [video],2024-01-31T18:53:39.000Z,https://www.youtube.com/watch?v=NcUJnmBqHTY,1
39207766,Nintendo CEO's refusal to layoff staff goes viral following industry-wide cuts,2024-01-31T18:53:08.000Z,https://www.nme.com/news/gaming-news/nintendo-ceos-refusal-to-lay-off-staff-goes-viral-following-industry-wide-cuts-3577675,5
39207721,How's the Current Job Market for Data Engineers; and What's the Future Outlook?,2024-01-31T18:50:20.000Z,,1
39207719,Ask HN: Does Microsoft Teams work in Firefox for you?,2024-01-31T18:50:19.000Z,,16
39207709,Genes and heart disease: making the link,2024-01-31T18:49:51.000Z,https://knowablemagazine.org/content/article/health-disease/2024/polygenic-risk-score-genes-heart-disease-cancer-coming-to-clinic,1
39207702,A US scientist has brewed up a storm by suggesting salt should be added to tea,2024-01-31T18:49:36.000Z,https://apnews.com/article/us-uk-tea-salt-controversy-db665821540459ddb4aaf10ffe9aef45,2
39207700,Apple Needs a Flop,2024-01-31T18:49:21.000Z,https://www.manton.org/2024/01/31/apple-needs-a.html,4
39207693,Reading Like a Roman,2024-01-31T18:49:00.000Z,https://publicdomainreview.org/essay/reading-like-a-roman/,2
39207678,Uses This / Xe Iaso,2024-01-31T18:47:39.000Z,https://usesthis.com/interviews/xe.iaso/,1
39207677,FBI disrupts Chinese botnet by wiping malware from infected routers,2024-01-31T18:47:37.000Z,https://www.justice.gov/opa/pr/us-government-disrupts-botnet-peoples-republic-china-used-conceal-hacking-critical,7
39207670,I snuck into a cybersecurity conference with fake credentials,2024-01-31T18:47:19.000Z,https://1nfornography.com/how-i-snuck-into-a-cybersecurity-conference-with-fake-credentials/,2
39207652,Building AI guardrails should be part of the process,2024-01-31T18:45:48.000Z,https://techcrunch.com/2024/01/30/building-ai-guardrails-should-be-part-of-the-process/,1
39207611,Build a Live Dashboard of Your GitHub Repo's Issues in 30 Minutes,2024-01-31T18:42:10.000Z,https://hashboard.com/blog/build-a-live-dashboard-of-your-github-repos-issues-in-30-minutes,1
39207606,2024 iPhone shipments likely to decline significantly by about 15% YoY,2024-01-31T18:41:47.000Z,https://medium.com/@mingchikuo/2024-iphone-shipments-likely-to-decline-significantly-by-about-15-yoy-due-to-structural-challenges-1cedb3ea3b85,2
39207597,Ask HN: Early Amazon Culture?,2024-01-31T18:41:07.000Z,,1
39207587,Multi-bitrate JPEG compression perceptual evaluation dataset 2023,2024-01-31T18:40:13.000Z,https://github.com/google-research/google-research/tree/master/mucped23,1
39207570,Show HN: Stanchion – Column-oriented tables in SQLite,2024-01-31T18:38:53.000Z,https://github.com/dgllghr/stanchion,2
39207544,The Insane Innovation of TI Calculator Hobbyists,2024-01-31T18:37:09.000Z,https://www.thirtythreeforty.net/posts/2021/10/ti-calculator-innovation/,1
39207540,ABC Problem,2024-01-31T18:36:47.000Z,https://rosettacode.org/wiki/ABC_problem,1
39207527,Exploration Strategies in Deep Reinforcement Learning (2020),2024-01-31T18:35:51.000Z,https://lilianweng.github.io/posts/2020-06-07-exploration-drl/,1
39207500,Western diets can accelerate cell aging,2024-01-31T18:33:36.000Z,https://bigthink.com/health/too-much-insulin/,2
39207496,Missing signs: how several brands forgot to secure a key piece of Android,2024-01-31T18:33:17.000Z,https://rtx.meta.security/exploitation/2024/01/30/Android-vendors-APEX-test-keys.html,3
39207485,Universal Music; TikTok fail to reach new licensing agreement,2024-01-31T18:32:34.000Z,https://www.reuters.com/technology/universal-musics-licensing-agreement-with-tiktok-set-expire-2024-01-31/,3
39207475,Biogen Abandons Its Controversial Alzheimer's Drug Aduhelm,2024-01-31T18:31:36.000Z,https://www.nytimes.com/2024/01/31/business/biogen-alzheimers-aduhelm.html,6
39207452,Postgres Extension Ecosystem: Jobs and Tools,2024-01-31T18:29:36.000Z,https://gist.github.com/theory/898c8802937ad8361ccbcc313054c29d,1
39207450,Oracle is hiring two new teams to build its cloud faster and stronger,2024-01-31T18:29:20.000Z,https://www.theregister.com/2024/01/31/oracle_creates_infrastructure_delivery_engineering_team/,1
39207402,Instrument and trace applications with the OpenTelemetry collector,2024-01-31T18:24:52.000Z,https://vercel.com/changelog/instrument-and-trace-applications-with-the-opentelemetry-collector,1
39207373,The Great Decline,2024-01-31T18:22:42.000Z,https://peterfrost.substack.com/p/the-great-decline,1
39207372,Essentials of Metaheuristics,2024-01-31T18:22:41.000Z,https://cs.gmu.edu/~sean/book/metaheuristics/,1
39207370,Aptiv to cut stake in robotaxi tech firm Motional; stop funding,2024-01-31T18:22:39.000Z,https://www.reuters.com/business/autos-transportation/aptiv-beats-quarterly-profit-estimates-strong-demand-auto-parts-2024-01-31/,1
39207327,Evolution of UNC4990: Uncovering USB Malware's Hidden Depths,2024-01-31T18:18:57.000Z,https://www.mandiant.com/resources/blog/unc4990-evolution-usb-malware,2
39207322,Banks can capitalize on the shift to employee-owned businesses,2024-01-31T18:18:20.000Z,https://www.americanbanker.com/news/how-banks-can-capitalize-on-the-shift-to-employee-owned-businesses,2
39207313,The Poet of Logic Programming (2020),2024-01-31T18:17:52.000Z,https://thesearch.space/episodes/1-the-poet-of-logic-programming,1
39207305,Unique Identification of 50k+ Virtual Reality Users w Head and Hand Motion Data,2024-01-31T18:17:16.000Z,https://arxiv.org/abs/2302.08927,1
39207302,Boeing was once known for safety; engineering. Emphasis on profits changed that,2024-01-31T18:16:55.000Z,https://www.cnn.com/2024/01/30/business/boeing-history-of-problems/index.html,3
39207301,FTX Expects to Repay Customers in Full; Drops Exchange Relaunch,2024-01-31T18:16:54.000Z,https://www.bloomberg.com/news/articles/2024-01-31/ftx-expects-to-repay-customers-in-full-bankruptcy-lawyer-says,4
39207300,Google's first Africa cloud region is now operational,2024-01-31T18:16:34.000Z,https://techcrunch.com/2024/01/31/googles-first-africa-cloud-region-now-operational/,2
39207291,Building an early warning system for LLM-aided biological threat creation,2024-01-31T18:15:26.000Z,https://openai.com/research/building-an-early-warning-system-for-llm-aided-biological-threat-creation,44
39207269,Joke Papers on ArXiv,2024-01-31T18:13:46.000Z,https://www.ellipsix.net/arxiv-joke-papers.html,2
39207234,Cloud-Optimized Geospatial Formats Guide,2024-01-31T18:11:26.000Z,https://guide.cloudnativegeo.org/,2
39207213,Sled Theoretical Performance Guide,2024-01-31T18:09:25.000Z,https://sled.rs/perf.html,1
39207203,Ask HN: Could vast amounts of attck vectors be mitigated by moving off MS?,2024-01-31T18:08:55.000Z,,4
39207198,Q&A with Prof. Erik Brynjolfsson: GenAI productivity; J-curve; Turing trap; etc.,2024-01-31T18:08:39.000Z,https://www.ft.com/content/b71759fe-397b-4688-bc81-b082edb25f31,1
39207194,Amid Recall Crisis; Philips Agrees to Stop Selling Sleep Apnea Machines in USA,2024-01-31T18:08:31.000Z,https://www.propublica.org/article/philips-agrees-to-stop-selling-sleep-apnea-machines-in-us,3
39207193,San Francisco's DC Grid (2012),2024-01-31T18:08:30.000Z,https://spectrum.ieee.org/san-franciscos-secret-dc-grid,1
39207187,Ask HN: UK bank that provides an API for bank transfers,2024-01-31T18:07:55.000Z,,1
39207183,The Founder's Paradox: Walking Fast; Earning Less; Dreaming of Founderland,2024-01-31T18:07:32.000Z,https://auren.substack.com/p/the-founders-paradox-walking-fast,2
39207175,Is hypnotizability related to risk-taking behavior?,2024-01-31T18:07:12.000Z,https://medicalxpress.com/news/2024-01-hypnotizability-behavior.html,2
39207167,Tenstorrent releases RISC-V based consumer AI accelerator board [video],2024-01-31T18:06:59.000Z,https://www.youtube.com/watch?v=WJpJkvNw9Ts,3
39207164,Ask HN: Is this a bad time to start college as a computer science major?,2024-01-31T18:06:50.000Z,,2
39207163,Is Philosophy Useful for Science; and/or Vice Versa?,2024-01-31T18:06:47.000Z,https://www.chapman.edu/scst/conferences-and-events/conferences/philosophy-science-conference.aspx,2
39207152,Thirty Observations at Thirty,2024-01-31T18:05:50.000Z,https://delian.io/thirty?lh_aid=3881503&lh_cid=38pgbrn8kq&di=c639c0248813ebdbaedd4c9c2c2f6121,1
39207134,Ask HN: How to get participants for a CS research project?,2024-01-31T18:04:34.000Z,,1
39207117,Students 'Surprising' Rebound from Pandemic Closures. Some May Never Catch Up,2024-01-31T18:02:42.000Z,https://www.nytimes.com/interactive/2024/01/31/us/pandemic-learning-loss-recovery.html,2
39207105,Forward reasoning; dependency-directed backtracking for circuit analysis (1976) [pdf],2024-01-31T18:01:44.000Z,https://bitsavers.org/pdf/mit/ai/aim/AIM-380.pdf,2
39207095,Running Doom on Biological Cells,2024-01-31T18:00:53.000Z,https://www.youtube.com/watch?v=8DnoOOgYxck,2
39207077,Stochastic Terrorism,2024-01-31T17:59:28.000Z,https://en.wikipedia.org/wiki/Stochastic_terrorism,12
39207073,Supernova game: A space-based tower-defence style game with 4X elements,2024-01-31T17:59:19.000Z,https://home.nick-hill.com/games/supernova/,2
39207070,KOSA isn't designed to help kids,2024-01-31T17:59:14.000Z,https://zephoria.medium.com/kosa-isnt-designed-to-help-kids-335ab57cddae,1
39207059,Pg_analytics: Speeding Up Postgres Analytical Queries by 94x with Executor Hooks,2024-01-31T17:58:10.000Z,https://blog.paradedb.com/pages/introducing_analytics,4
39207049,Apple refuses to relax its iron grip on iPhones in Europe,2024-01-31T17:57:46.000Z,https://www.zdnet.com/article/apple-refuses-to-relax-its-iron-grip-on-iphones-in-europe/,2
39207043,CSP vs SMT,2024-01-31T17:57:22.000Z,https://cstheory.stackexchange.com/questions/29406/constraint-satisfaction-problem-csp-vs-satisfiability-modulo-theory-smt-wi,1
39207035,FTX says it will pay back customers..customers will 'eventually be paid in full',2024-01-31T17:56:47.000Z,https://www.theverge.com/2024/1/31/24056991/ftx-repay-customers-bankruptcy,2
39207013,A Brief Summary of Evolutionary Design,2024-01-31T17:55:02.000Z,https://codingitwrong.com/2024/01/29/brief-summary-of-evolutionary-design.html,1
39207012,Geoengineering may slow Greenland ice sheet loss,2024-01-31T17:54:59.000Z,https://www.global.hokudai.ac.jp/blog/geoengineering-may-slow-greenland-ice-sheet-loss/,1
39207009,Meta; TikTok; and other tech companies go to Congress,2024-01-31T17:54:52.000Z,https://www.theverge.com/2024/1/31/24056136/congress-child-safety-hearing-kosa-meta-x-discord-snap-tiktok,3
39207002,Why are wire money transfers so much easier in Europe than in North America?,2024-01-31T17:53:58.000Z,,6
39206990,ICANN Pushes to Replace the 192.168.x.x TLD,2024-01-31T17:53:16.000Z,https://www.howtogeek.com/icann-pushes-to-replace-the-192168xx-top-level-domain/,2
39206982,Ask HN: How to remove UTM parameters from URLs in Chrome,2024-01-31T17:52:54.000Z,,1
39206966,Kando: The Cross-Platform Pie Menu,2024-01-31T17:51:54.000Z,https://github.com/kando-menu/kando,70
39206960,Durable Delivery: Building Confidence in Distributed Systems,2024-01-31T17:51:33.000Z,https://github.com/qtmready/durable-delivery,1
39206959,A plan to save democracy by ending homelessness; reducing the prison population,2024-01-31T17:51:28.000Z,https://www.piratewires.com/p/wireheading-city-george-hotz,18
39206948,Building SaaS products from within Webflow,2024-01-31T17:50:22.000Z,https://www.outseta.com/posts/outsetas-new-webflow-app,1
39206934,We built it: Smart Retries,2024-01-31T17:49:21.000Z,https://stripe.com/blog/how-we-built-it-smart-retries,1
39206931,CRISPR off-switches: A path towards safer genome engineering?,2024-01-31T17:49:14.000Z,https://phys.org/news/2024-01-crispr-path-safer-genome.html,1
39206911,Hearing aids slow cognitive decline in people at high risk,2024-01-31T17:47:32.000Z,https://www.nih.gov/news-events/nih-research-matters/hearing-aids-slow-cognitive-decline-people-high-risk,77
39206905,First time building an LMS: Offline first,2024-01-31T17:47:14.000Z,https://polymorph.co.za/software-development/first-time-building-an-lms-offline-first/,1
39206879,Show HN: LYML – a configuration format with the expressed goal of being readable,2024-01-31T17:45:41.000Z,https://git.sr.ht/~mpldr/lyml,2
39206869,Find Your Path with ESA,2024-01-31T17:44:55.000Z,https://www.esa.int/About_Us/Careers_at_ESA/Find_your_path_with_ESA,1
39206868,Show HN: State of Product Management Jobs (Dashboard),2024-01-31T17:44:53.000Z,https://www.prospercircle.com/state-of-product-management-jobs?country=US,1
39206843,Peppermint: Open Source Helpdesk Solution,2024-01-31T17:42:30.000Z,https://peppermint.sh/,10
39206842,Show HN: Visualize the Entropy of a Codebase with a 3D Force-Directed Graph,2024-01-31T17:42:28.000Z,https://github.com/gabotechs/dep-tree,3
39206824,White Hole,2024-01-31T17:41:15.000Z,https://en.wikipedia.org/wiki/White_hole,1
39206800,Elon Musk's battle with Delaware is about more than a $55B pay package,2024-01-31T17:39:13.000Z,https://www.businessinsider.com/elon-musk-delaware-battle-goes-beyond-55-billion-pay-package-2024-1,5
39206794,Looking for Ideas on New Site,2024-01-31T17:38:45.000Z,https://www.bobchart.com/,1
39206782,Deepfakes; trolls and cybertroopers: how social media could sway 2024 elections,2024-01-31T17:38:11.000Z,https://www.nature.com/articles/d41586-024-00274-7,3
39206775,Transcripts on Apple Podcasts,2024-01-31T17:37:56.000Z,https://podcasters.apple.com/support/5316-transcripts-on-apple-podcasts,2
39206772,What is X-Forwarded-For; and when can you trust it?,2024-01-31T17:37:47.000Z,https://httptoolkit.com/blog/what-is-x-forwarded-for/,2
39206758,PostgreSQL Extension Network (PGXN) Challenges,2024-01-31T17:36:37.000Z,https://justatheory.com/2024/01/pgxn-challenges/,2
39206743,Show HN: Soar – Preflight Safety for General Aviation,2024-01-31T17:35:36.000Z,https://www.soarup.app/showhn,1
39206733,Sony; Zee clashed over Russia assets; cricket deal before India deal collapse,2024-01-31T17:35:15.000Z,https://www.reuters.com/markets/deals/sony-zee-clashed-over-russia-assets-cricket-deal-before-india-deal-collapse-2024-01-31/,1
39206731,How hard is it to cheat with ChatGPT in interviews?,2024-01-31T17:35:09.000Z,https://interviewing.io/blog/how-hard-is-it-to-cheat-with-chatgpt-in-technical-interviews,12
39206715,Algorithm = Logic and Control (1979) [pdf],2024-01-31T17:34:21.000Z,https://www.doc.ic.ac.uk/~rak/papers/algorithm%20=%20logic%20+%20control.pdf,2
39206708,Ask HN: Do you have any games on your phone?,2024-01-31T17:33:52.000Z,,2
39206705,Goodbye to Aduhelm,2024-01-31T17:33:38.000Z,https://www.science.org/content/blog-post/goodbye-aduhelm,2
39206701,We know nations go after critical systems; but what happens when crims join in?,2024-01-31T17:33:25.000Z,https://www.theregister.com/2024/01/31/critical_infrastructure_hacking/,1
39206690,Elon Musk Is Overpaid,2024-01-31T17:32:43.000Z,https://www.bloomberg.com/opinion/articles/2024-01-31/elon-musk-is-overpaid,25
39206686,Standing on the shoulders of giants – ASML [video],2024-01-31T17:32:35.000Z,https://www.youtube.com/watch?v=OPnCbbLYPV4,1
39206674,The new 'Awesome Topics' repo,2024-01-31T17:32:05.000Z,https://github.com/Mahmoudz/awesome-topics,1
39206650,I Spent a Day as an Airport Security Guinea Pig,2024-01-31T17:30:45.000Z,https://www.wsj.com/lifestyle/travel/denver-international-airport-new-security-tsa-4f45cce1,1
39206627,Startups and Emotional Debt (2014),2024-01-31T17:29:20.000Z,https://www.evanmiller.org/start-ups-and-emotional-debt.html,1
39206619,PRC's State-Sponsored Cyber Actr Living Off the Land to Evade Detection [pdf],2024-01-31T17:28:37.000Z,https://media.defense.gov/2023/May/24/2003229517/-1/-1/0/CSA_PRC_State_Sponsored_Cyber_Living_off_the_Land_v1.1.PDF,1
39206615,Microsleeps: The naps that may only last seconds,2024-01-31T17:28:24.000Z,https://www.bbc.com/future/article/20240130-microsleeps-the-naps-that-may-only-last-seconds,1
39206603,Ford Announces Free Tesla SuperCharger Adapters,2024-01-31T17:27:45.000Z,https://arstechnica.com/cars/2024/01/ford-says-customers-will-get-free-adapters-to-use-tesla-superchargers/,2
39206599,Ask HN: Managing Myopia as a Developer,2024-01-31T17:27:25.000Z,,3
39206563,VART: A Persistent Data Structure for Snapshot Isolation,2024-01-31T17:25:03.000Z,https://surrealdb.com/blog/vart-a-persistent-data-structure-for-snapshot-isolation,2
39206560,Zuckerberg says Apple and Google should manage parental consent; not Meta,2024-01-31T17:24:44.000Z,https://techcrunch.com/2024/01/31/mark-zuckerberg-says-apple-and-google-should-manage-parental-consent-for-apps-not-meta/,3
39206529,Sega AI,2024-01-31T17:22:48.000Z,https://www.smspower.org/SegaAI/Index,34
39206508,Show HN: Intel Clear Linux,2024-01-31T17:21:19.000Z,https://www.clearlinux.org/downloads.html,1
39206503,ICANN proposes creating .INTERNAL domain to do the same job as 192.168.x.x,2024-01-31T17:21:06.000Z,https://www.theregister.com/2024/01/29/icann_internal_tld/,52
39206502,Ask HN: Finding an Old Post,2024-01-31T17:21:05.000Z,,1
39206493,Lawmakers Seeking to Outlaw Rent Price Fixing Reported by Propublica,2024-01-31T17:20:12.000Z,https://www.propublica.org/article/senators-introduce-legislation-stop-landlords-algorithm-price-fixing,42
39206492,Ask HN: Who should be the next Google CEO?,2024-01-31T17:20:11.000Z,,3
39206489,Our Prerequisites Are Never Enough for High Risk,2024-01-31T17:19:58.000Z,https://robpostonblog.wordpress.com/2023/09/04/our-prerequisites-are-never-enough-for-high-risk/,1
39206473,Benefits of Technology Partners for Cloud Infrastructure Implementation,2024-01-31T17:18:53.000Z,https://advantastride.com/collaborating-technology-partners-cloud-implementation/,1
39206452,Social Media Company CEOs Testify on Online Child Sexual Exploitation [video],2024-01-31T17:17:21.000Z,https://www.youtube.com/watch?v=9dRFevkUUu8,4
39206443,Bounce Doctor – A free tool to check your email deliverability,2024-01-31T17:16:46.000Z,https://bounce.doctor/,2
39206432,Measuring Reynolds similitude in superfluids could help prove quantum viscosity,2024-01-31T17:16:04.000Z,https://phys.org/news/2024-01-reynolds-similitude-superfluids-quantum-viscosity.amp,1
39206399,KeePassXC's new passkey support reviewed,2024-01-31T17:14:10.000Z,https://www.corbado.com/blog/keepassxc-passkeys,2
39206393,KOSA isn't designed to help kids,2024-01-31T17:13:58.000Z,https://zephoria.substack.com/p/kosa-isnt-designed-to-help-kids,2
39206375,LLaVA-1.6: Improved reasoning; OCR; and world knowledge,2024-01-31T17:13:05.000Z,https://llava-vl.github.io/blog/2024-01-30-llava-1-6/,2
39206367,Observability N.0?,2024-01-31T17:12:37.000Z,https://medium.com/investment-thesis/observability-n-0-cfb2e52c6324,1
39206357,Dumping Null Terminated Strings,2024-01-31T17:12:11.000Z,https://nanovms.com/dev/tutorials/dumping-null-terminated-strings,1
39206349,Ground-Effect Vehicle to Carry Passengers Around Hawaii,2024-01-31T17:11:42.000Z,https://hackaday.com/2024/01/27/ground-effect-vehicle-to-carry-passengers-around-hawaii/,2
39206267,All Hail King Pokémon,2024-01-31T17:07:07.000Z,https://www.inverse.com/input/features/king-pokemon-cards-charizards-gary-haase-profile,1
39206259,Show HN: Cyclops – customizable open-source UI for your Kubernetes workloads,2024-01-31T17:06:42.000Z,https://github.com/cyclops-ui/cyclops,1
39206245,FBI director warns that Chinese hackers are preparing to 'wreak havoc' on US,2024-01-31T17:06:00.000Z,https://www.cnn.com/2024/01/31/politics/china-hacking-infrascture-fbi-director-christopher-wray/index.html,11
39206228,Continuous Dependency Funding,2024-01-31T17:05:02.000Z,https://cdf.works/,1
39206225,Pipe: How the System Call That Ties Unix Together Came About,2024-01-31T17:04:58.000Z,https://thenewstack.io/pipe-how-the-system-call-that-ties-unix-together-came-about/,1
39206207,Mistral: […] employee of one of our early access customers leaked [an] old model,2024-01-31T17:03:29.000Z,https://twitter.com/arthurmensch/status/1752737462663684344,2
39206204,Show HN: Build tiny AI apps by chaining prompts together,2024-01-31T17:03:26.000Z,https://promptbase.com/create,1
39206197,Show HN: Rebels in the sky – a terminal game about anarchist space pirates,2024-01-31T17:03:05.000Z,https://rebels.frittura.org/,1
39206184,Import Attributes,2024-01-31T17:02:13.000Z,https://v8.dev/features/import-attributes,1
39206167,EndeavourOS Galileo Neo Released,2024-01-31T17:00:52.000Z,https://www.notebookcheck.net/EndeavourOS-Galileo-Neo-released-New-version-of-the-rolling-Linux-distribution-based-on-Arch.798900.0.html,1
39206144,Show HN: Go index me – Get indexed by Google on auto-pilot,2024-01-31T16:59:55.000Z,https://goindex.me/#/,1
39206120,The sun's poles are about to flip,2024-01-31T16:58:33.000Z,https://www.vox.com/science/2024/1/31/24047913/solar-maximum-cycle-explained-25-flares-coronal-mass-ejection,4
39206115,Security giant Proofpoint is laying off 280 employees; about 6% of its workforce,2024-01-31T16:58:18.000Z,https://techcrunch.com/2024/01/31/proofpoint-layoffs-280-employees/,9
39206085,Climate change will require more cooling for Honolulu multifamily buildings,2024-01-31T16:56:46.000Z,https://techxplore.com/news/2024-01-climate-require-cooling-honolulu-multifamily.html,1
39206075,Ask HN: Why does the ChatGPT app perform much faster than the Web version?,2024-01-31T16:55:54.000Z,,1
39206071,Mustang Mach-Es Are Piling Up on Dealer Lots; and Ford Wants Them Gone,2024-01-31T16:55:30.000Z,https://www.autoevolution.com/news/thousands-of-mustang-mach-es-are-piling-up-on-dealer-lots-and-ford-wants-them-gone-228460.html,1
39206068,Big Tech CEOs Testify About Protecting Children Online [video],2024-01-31T16:55:04.000Z,https://www.youtube.com/watch?v=VYoI29cMqjg,2
39206065,How to Tell If a Prospective Workplace Is Toxic,2024-01-31T16:54:57.000Z,https://hbr.org/2024/01/how-to-tell-if-a-prospective-workplace-is-toxic,2
39206048,Cursorless: Voice Coding at the Speed of Thought,2024-01-31T16:54:18.000Z,https://www.cursorless.org,1
39206047,Ask HN: Roast My Startup,2024-01-31T16:53:58.000Z,,2
39206041,Tool Invocation – Demonstrating the Marvel of GPT's Flexibility,2024-01-31T16:53:27.000Z,https://blog.jnbrymn.com/2024/01/30/the-marvel-of-GPT-generality.html,1
39206039,Looking for back end software engineering jobs,2024-01-31T16:53:22.000Z,,2
39206029,Out-of-bounds read and write in glibc's qsort(),2024-01-31T16:52:35.000Z,https://www.qualys.com/2024/01/30/qsort.txt,3
39206005,The Elephant in the room: The myth of exponential hypergrowth,2024-01-31T16:50:59.000Z,https://longform.asmartbear.com/exponential-growth/,1
39205973,How Tech Outstayed Its Welcome,2024-01-31T16:48:23.000Z,https://www.wheresyoured.at/how/,1
39205955,240 Tokens/s achieved by Groq's custom chips on Lama 2 Chat (70B),2024-01-31T16:46:32.000Z,https://twitter.com/ArtificialAnlys/status/1752719288946053430,3
39205948,I used ChatGPT to chat to 5239 girls before I proposed to the right one,2024-01-31T16:46:04.000Z,https://twitter.com/biblikz/status/1752335415812501757,2
39205945,Akamai's VPC Is Now in GA,2024-01-31T16:45:52.000Z,https://www.linode.com/blog/networking/vpc-general-availability/,1
39205942,Have coding interviews gotten harder?,2024-01-31T16:45:44.000Z,https://www.youtube.com/watch?v=NpvhPn-7Zh8,1
39205927,We prevented financial loses in a SaaS app,2024-01-31T16:44:56.000Z,https://blog.widefix.com/reconcile-app-users-against-stripe-and-prevent-financial-losses/,2
39205922,Winning these hard challenges doesn't even get you to the screening interview,2024-01-31T16:44:36.000Z,https://twitter.com/tunguz/status/1752700265239842941,1
39205916,It's Time the Word "Oligarch" Lost Its Russian Veneer,2024-01-31T16:44:17.000Z,https://www.motherjones.com/politics/2024/01/oligarchs-russia-america-wealth-power/,3
39205911,Roundup of Events for Bootstrappers in February 2024,2024-01-31T16:44:05.000Z,https://bootstrappersbreakfast.com/2024/01/29/roundup-of-bootstrapper-events-in-february-2024/,1
39205910,Show HN: 2x Faster Stable Diffusion Models on Hugging Face with Pruna AI,2024-01-31T16:43:59.000Z,https://huggingface.co/PrunaAI,2
39205885,Ask HN: How would you approach mastering a skill ASAP?,2024-01-31T16:42:01.000Z,,20
39205872,Mark Zuckerberg Take Me Home Country Roads Music West Virginia [video],2024-01-31T16:40:44.000Z,https://www.youtube.com/watch?v=klLpc3JsHq4,2
39205871,Apple is turning developers against Vision Pro before it even arrives,2024-01-31T16:40:44.000Z,https://www.macworld.com/article/2220841/app-store-fees-maliciious-compliance-vision-pro.html,46
39205861,IPC: Shared Memory,2024-01-31T16:40:06.000Z,https://goodyduru.github.io//os/2024/01/31/ipc-shared-memory.html,2
39205857,The A.I. Dilemma (2023) [video],2024-01-31T16:39:49.000Z,https://www.youtube.com/watch?v=xoVJKj8lcNQ,1
39205849,NASA/fprime: F´ – A flight software and embedded systems framework,2024-01-31T16:38:54.000Z,https://github.com/nasa/fprime,2
39205844,Mars Helicopter Presentation – 2019 Workshop on Spacecraft Flight Software [video],2024-01-31T16:38:48.000Z,https://www.youtube.com/watch?v=mQu9m4MG5Gc,1
39205840,Adding ActivityPub to your static site,2024-01-31T16:38:27.000Z,https://paul.kinlan.me/adding-activity-pub-to-your-static-site/,3
39205828,I've Created a Email Security Solution,2024-01-31T16:37:42.000Z,,1
39205821,The Power of Prolog,2024-01-31T16:37:16.000Z,https://www.metalevel.at/prolog,2
39205804,NASA's Webb Depicts Staggering Structure in 19 Nearby Spiral Galaxies,2024-01-31T16:35:21.000Z,https://webbtelescope.org/contents/news-releases/2024/news-2024-105,1
39205791,Dolphin: Mastering the Art of Automated Droplet Movement,2024-01-31T16:34:29.000Z,https://www.digitalocean.com/blog/introducing-dolphin,1
39205788,Sbtrkt; a Big Zoetrope,2024-01-31T16:34:17.000Z,http://blog.karliner.net/projects/sbttrt-a-really-big-zoetrope/,1
39205784,Differ: Tool for testing and validating transformed programs,2024-01-31T16:33:50.000Z,https://blog.trailofbits.com/2024/01/31/introducing-differ-a-new-tool-for-testing-and-validating-transformed-programs/,60
39205778,A bold new take on quantum theory could reveal how reality emerges,2024-01-31T16:33:27.000Z,https://www.newscientist.com/article/mg26134762-400-a-bold-new-take-on-quantum-theory-could-reveal-how-reality-emerges/,1
39205769,The U.S. Is Spoiled by Cheap Canadian Oil. That's About to Change,2024-01-31T16:32:38.000Z,https://www.wsj.com/business/energy-oil/the-u-s-is-spoiled-by-cheap-canadian-oil-thats-about-to-change-bafe831a,3
39205749,Apple's ATT privacy policy reduced orders and revenue for Shopify merchants,2024-01-31T16:30:58.000Z,https://papers.ssrn.com/sol3/papers.cfm?abstract_id=4698374,2
39205743,Show HN: Pg_analytics – Speed Up Postgres Analytical Queries by 94x,2024-01-31T16:30:24.000Z,https://github.com/paradedb/paradedb/tree/dev/pg_analytics,7
39205735,New magnets could accelerate climate action,2024-01-31T16:29:42.000Z,https://www.technologyreview.com/2024/01/31/1087413/magnets-climate-action/,1
39205726,Man Who Sued 'Are We Dating the Same Guy?' Groups Files Class Action Lawsuit,2024-01-31T16:29:17.000Z,https://www.404media.co/man-who-sued-are-we-dating-the-same-guy-groups-files-class-action-lawsuit/,11
39205725,Launch HN: Encord (YC W21) – Unit testing for computer vision models,2024-01-31T16:29:12.000Z,,46
39205701,Generative art Open Graph preview images,2024-01-31T16:27:46.000Z,https://matthewstrom.com/writing/generative-art-og-images,1
39205681,Forgetti: Solve your hook spaghetti; inspired by React Forget,2024-01-31T16:26:40.000Z,https://github.com/lxsmnsyc/forgetti,2
39205676,Y Combinator CEO Garry Tan's online rant spurs threats to supes; police reports,2024-01-31T16:26:16.000Z,https://missionlocal.org/2024/01/y-combinator-ceo-garry-tans-online-rant-spurs-threat-to-supe-police-reports/,297
39205659,Developer Tools of 2023 – StackShare,2024-01-31T16:25:09.000Z,https://stackshare.io/posts/top-developer-tools-2023,1
39205641,Reading Prices in Grocery Stores Using AI,2024-01-31T16:24:05.000Z,https://hansihe.com/blog/training-an-ai-model-to-read-store-pricetags/,6
39205630,The Timing of Baby Making,2024-01-31T16:23:08.000Z,https://pudding.cool/2017/05/births/,1
39205612,Get an App for Mastodon,2024-01-31T16:22:03.000Z,https://joinmastodon.org/apps,2
39205611,Novo Nordisk Gradually Increasing Supply of Blockbuster Weight-Loss Drug Wegovy,2024-01-31T16:21:58.000Z,https://www.wsj.com/health/pharma/novo-nordisk-begins-gradually-increasing-supply-of-blockbuster-weight-loss-drug-wegovy-8aff52bb,1
39205606,Tilde,2024-01-31T16:21:26.000Z,https://en.wikipedia.org/wiki/Tilde,1
39205605,Alzheimer's disease acquired from historic medical treatments,2024-01-31T16:21:13.000Z,https://www.ucl.ac.uk/news/2024/jan/alzheimers-disease-acquired-historic-medical-treatments,1
39205593,Ask HN: Why doesn't a 4k rendered game look as real as a DVD resolution movie?,2024-01-31T16:20:32.000Z,,1
39205569,Cory Doctorow has a plan to wipe away the enshittification of tech,2024-01-31T16:18:01.000Z,https://www.theregister.com/2024/01/30/tech_monopoly_doctorow/,7
39205564,A Cycle of Misery: The Business of Building Commercial Aircraft,2024-01-31T16:17:35.000Z,https://www.construction-physics.com/p/a-cycle-of-misery-the-business-of,2
39205548,The Deadlock Empire – Slay dragons; master concurrency,2024-01-31T16:16:24.000Z,https://deadlockempire.github.io,2
39205542,I don't like the word "Just",2024-01-31T16:16:01.000Z,https://www.todepond.com/wikiblogarden/better-computing/just/,2
39205532,RHIP; doctors; and pagers: Why do doctors still use pagers?,2024-01-31T16:15:02.000Z,https://ferd.ca/notes/rhip-doctors-and-pagers.html,2
39205515,AWS is estimated to make $400M to $1B with the new IPv4 charge,2024-01-31T16:13:27.000Z,https://www.border0.com/blogs/ipv4-surcharge---your-aws-bill-is-going-up-this-february,36
39205508,The Life Model,2024-01-31T16:12:59.000Z,https://www.penkilnburn.com/home/the-life-model/,1
39205500,Cloudflare's Rust service foundations library,2024-01-31T16:12:25.000Z,https://github.com/cloudflare/foundations,1
39205498,Guide to Full Disk Encryption with TPM and Secure Boot,2024-01-31T16:12:22.000Z,https://blastrock.github.io/fde-tpm-sb.html,1
39205494,Ask HN: Tips for Moving to the Valley?,2024-01-31T16:12:00.000Z,,2
39205492,Mozilla's Biggest AI Moments,2024-01-31T16:11:55.000Z,https://blog.mozilla.org/en/mozilla/mozillas-biggest-ai-moments/,1
39205488,Elon Musk says Neuralink startup has implanted a chip in its first human brain,2024-01-31T16:11:49.000Z,https://www.cnn.com/2024/01/30/business/elon-musk-brain-implant-neuralink-intl-hnk/index.html,2
39205484,Cloud Startups to Watch in 2024,2024-01-31T16:11:04.000Z,https://www.ibtimes.com/5-cloud-startups-watch-2024-3723452,2
39205459,Passive exposure to task-relevant stimuli enhances categorization learning,2024-01-31T16:08:17.000Z,https://elifesciences.org/articles/88406,1
39205447,KDE's Megarelease 6 – Release Candidate 2,2024-01-31T16:06:59.000Z,https://kde.org/announcements/megarelease/6/rc2/,38
39205442,Using Apple Vision Pro: What It's Like (Mkbhd) [video],2024-01-31T16:06:45.000Z,https://www.youtube.com/watch?v=dtp6b76pMak,3
39205435,Horner's Method,2024-01-31T16:05:49.000Z,https://en.wikipedia.org/wiki/Horner%27s_method,1
39205406,A curious history of beds through the centuries,2024-01-31T16:03:46.000Z,https://www.bbc.com/future/article/20240126-sleep-tight-a-curious-history-of-beds-through-the-centuries,1
39205405,Show HN: Encrypted Credit Card Approval Using Homomorphic Encryption,2024-01-31T16:03:45.000Z,https://huggingface.co/spaces/zama-fhe/credit_card_approval_prediction,10
39205404,A Notorious Pitchfork Reviewer Was My Biggest Musical Influence,2024-01-31T16:03:43.000Z,https://defector.com/a-notorious-pitchfork-reviewer-was-my-biggest-musical-influence,1
39205397,Time reversibility during the ageing of materials,2024-01-31T16:03:20.000Z,https://www.nature.com/articles/s41567-023-02366-z,1
39205387,Joe Biden on Decision to Pause Pending Approvals of Liquefied Natural Gas,2024-01-31T16:02:39.000Z,https://www.whitehouse.gov/briefing-room/statements-releases/2024/01/26/statement-from-president-joe-biden-on-decision-to-pause-pending-approvals-of-liquefied-natural-gas-exports/,5
39205336,Researchers say generative AI isn't replacing devs any time soon,2024-01-31T15:58:52.000Z,https://leaddev.com/tech/researchers-say-generative-ai-isnt-replacing-devs-any-time-soon,3
39205332,OpenGL rendering engine written in pure C++,2024-01-31T15:58:16.000Z,https://opengl.bassi.li/,3
39205292,Jenkins jitters as 45k servers still vulnerable RCE attacks after patch released,2024-01-31T15:55:28.000Z,https://www.theregister.com/2024/01/30/jenkins_rce_flaw_patch/,1
39205279,It's true; LLMs are better than people – at creating convincing misinformation,2024-01-31T15:54:49.000Z,https://www.theregister.com/2024/01/30/llms_misinformation_human/,4
39205273,Show HN: Test how good you are at spotting AI generated content !,2024-01-31T15:54:15.000Z,https://aiorrealchallenge.com/,1
39205267,Show HN: Vim Pangea – the easiest way to remove API keys inside Vim,2024-01-31T15:53:50.000Z,https://github.com/MichaelCombs28/vim-pangea,1
39205263,Conformance Should Mean Something – fputc; and Freestanding (2022),2024-01-31T15:53:33.000Z,https://www.thephd.dev/conformance-should-mean-something-fputc-and-freestanding,2
39205262,Investors threw 50% less money at quantum last year,2024-01-31T15:53:32.000Z,https://www.theregister.com/2024/01/31/quantum_sector_saw_50_percent/,3
39205260,Chris Dixon's Read Write Own,2024-01-31T15:53:23.000Z,https://readwriteown.com/,3
39205257,Windows 3.11 trundles on as job site pleads for driver updates on German trains,2024-01-31T15:53:09.000Z,https://www.theregister.com/2024/01/30/windows_311_trundles_on/,2
39205250,‎ Responsive Open-Source Developer Portfolio Using Next.js,2024-01-31T15:52:43.000Z,https://github.com/wendoj/portfolio,1
39205240,Rest in Peace Dad,2024-01-31T15:52:05.000Z,https://www.dquach.com/2024/01/31/rest-in-peace-dad/,3
39205236,ksql,2024-01-31T15:51:56.000Z,http://nsl.com/k/ksql.k,2
39205232,R Street Institute Concerns about the Kids Online Safety Act,2024-01-31T15:51:48.000Z,https://www.rstreet.org/commentary/r-street-institute-concerns-about-the-kids-online-safety-act/,2
39205218,Achieving Safe; Aliasable Mutability with Unboxed Types,2024-01-31T15:50:52.000Z,https://antelang.org/blog/safe_shared_mutability/,1
39205211,How the 2024 Total Solar Eclipse Is Different Than the 2017 Eclipse,2024-01-31T15:50:11.000Z,https://science.nasa.gov/solar-system/skywatching/how-is-the-2024-total-solar-eclipse-different-than-the-2017-eclipse/,2
39205206,Show HN: Transcribe and Archive Live Phone Conversations,2024-01-31T15:49:53.000Z,https://phonewise.ai,1
39205194,We can still make a "good" economy much better,2024-01-31T15:49:12.000Z,https://www.vox.com/future-perfect/2024/1/31/24055562/economy-bill-of-rights-vibecession-progressives-freedom-fdr,1
39205189,Programming languages endorsed for server-side use at Meta (2022),2024-01-31T15:48:49.000Z,https://engineering.fb.com/2022/07/27/developer-tools/programming-languages-endorsed-for-server-side-use-at-meta/,1
39205172,Introductory Study of Ultra-High Frequency Forex Spot Rate Data,2024-01-31T15:47:24.000Z,https://quantfinance.substack.com/p/introductory-study-of-ultra-high,1
39205155,Box–Muller Transform,2024-01-31T15:46:23.000Z,https://en.wikipedia.org/wiki/Box%E2%80%93Muller_transform,1
39205147,The Only 3 Actors Still Alive from the Cast of Star Trek: The Original Series,2024-01-31T15:45:20.000Z,https://www.looper.com/1503564/star-trek-the-original-series-actors-still-alive/,4
39205146,LEDs Change Everything,2024-01-31T15:45:17.000Z,https://www.theatlantic.com/ideas/archive/2024/01/led-light-technology-art-exhibitions/677293/,2
39205140,Passkeys Adoption Trends: Survey from Large Deployments,2024-01-31T15:45:04.000Z,https://www.slashid.com/blog/passkeys-adoption/,1
39205110,Tabletop device teaches you sailing before hopping on board a real boat,2024-01-31T15:42:02.000Z,https://blog.arduino.cc/2024/01/22/tabletop-device-teaches-you-the-basics-of-sailing-before-hopping-on-board-a-real-boat/,1
39205108,Wipro to lay off hundreds of mid-level employees to improve margins,2024-01-31T15:41:57.000Z,https://economictimes.indiatimes.com/tech/information-tech/exclusive-wipro-to-lay-off-hundreds-of-mid-level-employees-to-improve-margins/articleshow/107281960.cms?from=mdr,8
39205095,WebAssembly and WASI reaches Preview 2 milestone [video],2024-01-31T15:40:50.000Z,https://www.youtube.com/watch?v=zxwutH0rvQA,1
39205093,Lamborghini will make hybrid versions of all its cars to cut its CO2,2024-01-31T15:40:37.000Z,https://arstechnica.com/cars/2024/01/lamborghini-will-make-hybrid-versions-of-all-its-cars-to-cut-its-co2/,1
39205080,Unboxing the Tenstorrent Grayskull AI Developer Kit,2024-01-31T15:39:59.000Z,https://morethanmoore.substack.com/p/unboxing-the-tenstorrent-grayskull,2
39205078,Elon Musk sees $56B Tesla pay deal cancelled in Delaware court,2024-01-31T15:39:56.000Z,https://www.bbc.com/news/business-68150306,2
39205074,A Medieval Murder Map Helped Solve a 700-Year-Old London Cold Case,2024-01-31T15:39:20.000Z,https://www.atlasobscura.com/articles/medieval-murder-maps-london,1
39205072,The WWII Treasure Map That Caused a Modern Day Hunt,2024-01-31T15:39:12.000Z,https://www.atlasobscura.com/articles/dutch-ww2-treasure-map,1
39205070,Announcing TypeScript 5.4 Beta,2024-01-31T15:39:03.000Z,https://devblogs.microsoft.com/typescript/announcing-typescript-5-4-beta/,5
39205066,SpaceX's Starship to launch 'Starlab' private space station in late 2020s,2024-01-31T15:38:43.000Z,https://www.space.com/spacex-starship-launch-starlab-private-space-station,1
39205064,Rare 'Aurora Curls' Photographed,2024-01-31T15:38:35.000Z,https://www.livescience.com/space/the-sun/photographer-snaps-extremely-rare-aurora-curls-after-magnetic-wave-rings-earths-atmosphere-like-a-bell,3
39205062,When frogs can't croak to get a mate; they dance,2024-01-31T15:38:26.000Z,https://www.science.org/content/article/when-frogs-can-t-croak-get-mate-they-dance,2
39205054,Williamsburg. What Happened? A timeline of total transformation in Brooklyn,2024-01-31T15:37:49.000Z,https://www.nytimes.com/interactive/2024/01/29/style/williamsburg-brooklyn-history-timeline.html,1
39205052,New 'Obelisks' Class of Life Has Been Found in the Human Digestive System,2024-01-31T15:37:40.000Z,https://www.sciencealert.com/obelisks-entirely-new-class-of-life-has-been-found-in-the-human-digestive-system,1
39205046,What's new in Astro – January 2024,2024-01-31T15:36:56.000Z,https://astro.build/blog/whats-new-january-2024/,1
39205037,Building a Network Stack for Our Browser Extension,2024-01-31T15:35:39.000Z,https://jam.dev/blog/building-a-network-stack-for-our-browser-extension/,5
39205034,Musk startup implanted a brain chip into a human. Gupta explains how it works,2024-01-31T15:35:20.000Z,https://www.cnn.com/videos/health/2024/01/30/brain-chip-implant-musk-gupta-lead-vpx.cnn,1
39205032,ChatGPT with Data Privacy,2024-01-31T15:35:16.000Z,https://github.com/ProtectoAi/GPT-Guard,1
39205027,Fiber Optics Bring You Internet. Now They're Also Listening to Trains,2024-01-31T15:34:47.000Z,https://www.wired.com/story/fiber-optics-bring-you-internet-now-theyre-also-listening-to-trains/,1
39205020,Infinite Craft,2024-01-31T15:34:28.000Z,https://neal.fun/infinite-craft/,419
39205016,PGA Tour secures up to $3B from U.S. investors,2024-01-31T15:33:53.000Z,https://www.cnbc.com/2024/01/31/pga-tour-secures-up-to-3-billion-us-investment-amid-liv-golf-merger.html,1
39205010,Lottie is now a part of the Linux foundation,2024-01-31T15:33:32.000Z,https://www.lottielab.com/blog/lottie-joins-linux-foundation,19
39205002,Seeking Advice on Real-World Projects in JavaScript and React for Job Readiness,2024-01-31T15:32:49.000Z,,1
39204986,How one woman escaped the conspiracy theory trap that has ensnared millions,2024-01-31T15:31:28.000Z,https://apnews.com/article/covid19-trump-conspiracy-theories-qanon-facebook-f79a3af0e04487890e3976fea6f03867,11
39204982,Stop trying to replicate ReBAC type permissions using roles or attributes,2024-01-31T15:31:03.000Z,https://www.permify.co/post/relationship-based-access-control-rebac/,8
39204981,Webb telescope reveals breathtaking structure of galaxies,2024-01-31T15:30:59.000Z,https://arstechnica.com/space/2024/01/daily-telescope-webb-telescope-reveals-breathtaking-structure-of-galaxies/,2
39204976,Ask HN: What is the best way to learn Unreal Engine 5?,2024-01-31T15:30:31.000Z,,1
39204962,Jones Act Contributions to Offshore Wind Difficulties,2024-01-31T15:29:53.000Z,https://www.cato.org/blog/jones-act-contributes-offshore-wind-growing-pains,49
39204955,Adobe gives up on web-design product to rival Figma after deal collapse,2024-01-31T15:29:32.000Z,https://www.bloomberg.com/news/articles/2024-01-30/adobe-gives-up-on-xd-after-figma-deal-collapse,183
39204936,The uses and limits of quantum key distribution [pdf],2024-01-31T15:28:41.000Z,https://cyber.gouv.fr/sites/default/files/document/Quantum_Key_Distribution_Position_Paper.pdf,1
39204924,Show HN: I wrote a Script to auto-remove SSNs; Emails; etc. from ChatGPT prompts,2024-01-31T15:28:05.000Z,https://pangea.cloud/blog/protect-your-users-pii-from-ai-channel-your-inner-time-lord-with-three-lines-of-code/,2
39204921,Which platforms will be caught by the EU's Digital Markets Act?,2024-01-31T15:27:41.000Z,https://www.bruegel.org/blog-post/which-platforms-will-be-caught-digital-markets-act-gatekeeper-dilemma,1
39204918,The Far Side – By Gary Larson,2024-01-31T15:27:06.000Z,https://www.thefarside.com/,29
39204915,Bytecode Alliance Plumber's Summit 2024 [video],2024-01-31T15:26:57.000Z,https://www.youtube.com/watch?v=eZF2MLMgXhk,2
39204902,Tech CEOs to face tough questions on child safety online,2024-01-31T15:25:38.000Z,https://www.bbc.co.uk/news/live/world-us-canada-68110001,2
39204875,Contexts; Friction and Distractions,2024-01-31T15:23:12.000Z,https://www.marginalia.nu/log/99_context/,2
39204866,First 'thermodynamic computer' uses random noise to calculate,2024-01-31T15:22:56.000Z,https://www.newscientist.com/article/2412212-first-thermodynamic-computer-uses-random-noise-to-calculate/,3
39204861,DIY Peristaltic Pump (2015),2024-01-31T15:22:32.000Z,https://blogs.rsc.org/chipsandtips/2015/06/26/diy-peristaltic-pump/,1
39204852,Research ramps up but PFAS pollution remains tough to tackle,2024-01-31T15:21:53.000Z,https://www.thenewlede.org/2024/01/research-ramps-up-but-pfas-pollution-remains-tough-to-tackle/,1
39204828,Note: Easily implement distributed training; machine learning library,2024-01-31T15:19:42.000Z,https://github.com/NoteDance/Note,1
39204815,Embracing Winter Tranquility,2024-01-31T15:18:24.000Z,https://worldsensorium.com/embracing-winter-tranquility-the-art-of-forest-bathing/,1
39204796,Brought to You by BlackRock: Airports; Pipelines and Data Centers,2024-01-31T15:17:24.000Z,https://www.wsj.com/finance/investing/brought-to-you-by-blackrock-airports-pipelines-and-data-centers-51fda825,1
39204788,The Enlightening Beauty of an Einstein Ring,2024-01-31T15:17:00.000Z,https://nautil.us/the-enlightening-beauty-of-an-einstein-ring-500597/,2
39204780,Show HN: Music video made out of browser pop-up windows,2024-01-31T15:16:32.000Z,https://lyra.horse/antonymph/,1
39204778,HuggingFace Library for Large Scale Text Deduplication,2024-01-31T15:16:25.000Z,https://github.com/huggingface/datatrove,4
39204775,Why do programmers need private offices with doors?,2024-01-31T15:16:14.000Z,https://blobstreaming.org/why-do-programmers-need-private-offices-with-doors/,37
39204754,Syntackle.live Is Now Syntackle.com,2024-01-31T15:14:32.000Z,https://syntackle.com/,1
39204744,Ask HN: What happened to the car loan calculator tool on Google?,2024-01-31T15:14:04.000Z,,1
39204737,Quantum computer with 5-qubit chips launched,2024-01-31T15:13:40.000Z,https://www.taipeitimes.com/News/front/archives/2024/01/20/2003812354,1
39204708,Ask HN: Resources for kids/teens to learn programming,2024-01-31T15:11:19.000Z,,4
39204701,AI-powered robot read Braille at lightning speeds,2024-01-31T15:10:35.000Z,https://studyfinds.org/robot-reading-braille/,1
39204699,Physicists Find Groundbreaking Evidence Time Is Reversible Within Glass,2024-01-31T15:10:28.000Z,https://studyfinds.org/reversible-time-glass-plastic/,2
39204694,How Much Life Has Ever Existed on Earth; and How Much Ever Will?,2024-01-31T15:10:21.000Z,https://singularityhub.com/2024/01/30/how-much-life-has-ever-existed-on-earth-and-how-much-ever-will/,2
39204693,Tiny Version of a Human Heart on a Chip Beats Like the Real Thing,2024-01-31T15:10:13.000Z,https://www.sciencealert.com/this-tiny-version-of-a-human-heart-on-a-chip-beats-like-the-real-thing,1
39204663,New drug candidate can shrink kidney cysts,2024-01-31T15:07:48.000Z,https://news.mit.edu/2024/new-drug-candidate-can-shrink-kidney-cysts-0122,2
39204649,The Vision Pro is a computer for the age of walled gardens,2024-01-31T15:06:58.000Z,https://www.theverge.com/24055677/apple-vision-pro-epic-netflix-app-ecosystem-monopoly,4
39204641,Do custom prompts yield significantly better results? if yes; why?,2024-01-31T15:05:44.000Z,,1
39204622,RavenDB 6.0.2 (A Jepsen Report),2024-01-31T15:04:11.000Z,https://jepsen.io/analyses/ravendb-6.0.2,126
39204596,What I Found in San Francisco,2024-01-31T15:02:35.000Z,https://www.theatlantic.com/ideas/archive/2024/01/san-francisco-cleanup/677298/,2
39204594,Photos of Silicon Valley,2024-01-31T15:02:31.000Z,https://mkaz.com/silicon-valley/,38
39204582,Colorful Stack Traces on a Synthesizer,2024-01-31T15:01:40.000Z,https://chaos.social/@scy/111850270243243682,1
39204580,Compliant container applications with the OSADL Docker Base Image (2021) [pdf],2024-01-31T15:01:34.000Z,https://www.osadl.org/fileadmin/dam/presentations/COOL-09-2021/COOL-2021-09-Docker-Base-Image-Caren-Kresse.pdf,1
39204571,What Can Be Done in 59 Seconds: An Opportunity (and a Crisis),2024-01-31T15:00:59.000Z,https://www.oneusefulthing.org/p/what-can-be-done-in-59-seconds-an,3
39204561,Marble – Open-Source real-time fraud and AML monitoring,2024-01-31T15:00:21.000Z,https://github.com/checkmarble/marble,1
39204550,Ask HN: What was your most successful project?,2024-01-31T14:59:50.000Z,,1
39204522,Show HN: See live changes to Open Street Map in a relaxing musical way,2024-01-31T14:57:02.000Z,https://musical-osm.netlify.app,5
39204500,Queer.af Shutdown,2024-01-31T14:55:09.000Z,https://queer.af/@postmaster/111733741786950083,4
39204481,Display Leadtimes Reduced (& We're Hiring an EE),2024-01-31T14:53:38.000Z,https://simulavr.com/blog/hiring-ee/,1
39204453,For Gen Z; anime is bigger than the NFL,2024-01-31T14:51:40.000Z,https://www.polygon.com/anime/24043221/anime-audience-viewership-numbers-bigger-than-nfl,4
39204432,Ask HN: DevOps founders pre-product; how did you make your first sale?,2024-01-31T14:49:21.000Z,,2
39204429,ChatGPT for Radical Self-Betterment,2024-01-31T14:49:18.000Z,https://twitter.com/danshipper/status/1752691745513513349,1
39204422,Show HN: Kasper – Practice interview with a conversational AI interviewer,2024-01-31T14:48:44.000Z,https://getkasper.app/,1
39204418,Learning 3D physics simulators from video,2024-01-31T14:48:34.000Z,https://willwhitney.com/learned-simulators.html,2
39204412,ChaCha20-BLAKE3: A fast and secure Stream/AEAD encryption cipher,2024-01-31T14:48:00.000Z,https://kerkour.com/chacha20-blake3,2
39204387,Iris Keyboard Compact Edition,2024-01-31T14:45:36.000Z,https://blog.keeb.io/getting-the-iris-ce-compact-edition-ready-for-you/,2
39204383,Show HN: Napp.pro – Nifty Fast Safe Apps for the Web,2024-01-31T14:45:26.000Z,https://napp.pro,1
39204366,Neovim is 10 years old today,2024-01-31T14:43:54.000Z,https://github.com/neovim/neovim/commit/72cf89bce8e4230dbc161dc5606f48ef9884ba70,4
39204358,NYC Parents Pay $120k per Year for Ivy League Admissions Consultants,2024-01-31T14:43:31.000Z,https://nymag.com/intelligencer/article/college-admissions-educational-consultants-command-education.html,4
39204350,What (book) should Stripe Press reprint?,2024-01-31T14:42:26.000Z,https://marginalrevolution.com/marginalrevolution/2024/01/what-should-stripe-press-reprint.html,1
39204335,CTO/Co-founder at the most ambitious startup,2024-01-31T14:41:26.000Z,https://www.talkingoctopus.com,1
39204334,Debugging Python,2024-01-31T14:41:24.000Z,https://www.syntaxerror.tech/syntax-error-11-debugging-python/,1
39204333,Ask HN: Thoughts on Overemployment?,2024-01-31T14:41:23.000Z,,2
39204320,Ask HN: Best way to create an AI chat interface for consulting a book content?,2024-01-31T14:39:59.000Z,,1
39204314,Macaroons Escalated Quickly,2024-01-31T14:39:19.000Z,https://fly.io/blog/macaroons-escalated-quickly/,160
39204305,Debt vs. Equity: Whats the Difference?,2024-01-31T14:38:18.000Z,https://www.alexanderjarvis.com/debt-vs-equity-whats-the-difference/,1
39204303,Show HN: Chat Interface for OpenAI Assistants,2024-01-31T14:38:00.000Z,https://openwidget.com/widgets/chat-interface-for-open-ai-assistants,1
39204281,Binance Code and Internal Passwords Exposed on GitHub for Months,2024-01-31T14:36:12.000Z,https://www.404media.co/binance-internal-code-and-passwords-exposed-on-github-for-months/,2
39204257,Bodily maps of musical sensations across cultures,2024-01-31T14:34:48.000Z,https://www.pnas.org/doi/10.1073/pnas.2308859121,1
39204248,First Bird Flu Deaths Reported in Antarctic Penguins,2024-01-31T14:34:08.000Z,https://www.nytimes.com/2024/01/30/science/antarctica-bird-flu-penguins.html,2
39204247,"Old Smokers": Astronomers discover previously unknown type of star,2024-01-31T14:34:00.000Z,https://newatlas.com/space/old-smokers-unknown-star/,1
39204243,The Northern Lights Make Music,2024-01-31T14:33:53.000Z,https://nautil.us/the-northern-lights-make-music-504237/,2
39204242,Why the biggest EV maker is getting into shipping,2024-01-31T14:33:42.000Z,https://www.technologyreview.com/2024/01/30/1087393/byd-shipping-electric-cars-china/,1
39204235,Ask HN: Why would my Apple Id password no longer work?,2024-01-31T14:32:34.000Z,,2
39204216,The U.S. and China Want the Same Landing Spot for Upcoming Moon Missions,2024-01-31T14:30:58.000Z,https://gizmodo.com/china-change-6-moon-landing-shackleton-crater-artemis-1851209296,1
39204207,Forget Something? You're Supposed to Do That,2024-01-31T14:30:17.000Z,https://www.the-scientist.com/news/forget-something-you-re-supposed-to-do-that-71601,2
39204188,The Clock of Flowing Time,2024-01-31T14:29:20.000Z,https://www.atlasobscura.com/places/flow-of-time-clock-berlin,2
39204187,Ask HN: Is there a single purpose device to listen to podcasts?,2024-01-31T14:29:19.000Z,,1
39204170,Fixing a Gap in the SEP Regulation,2024-01-31T14:27:38.000Z,https://blog.opensource.org/fixing-a-gap-in-the-sep-regulation/,1
39204169,Why Login Failures Matter,2024-01-31T14:27:35.000Z,https://fusionauth.io/articles/authentication/login-failures,2
39204162,Reverse-Engineering a Scoreboard Display,2024-01-31T14:26:54.000Z,https://hardfault.life/p/big-seven-segment,76
39204144,Why US drivers may be thinking about EVs all wrong,2024-01-31T14:25:19.000Z,https://www.bbc.com/worklife/article/20231204-why-us-drivers-may-be-thinking-about-evs-all-wrong,3
39204124,Association of Hormonal Contraception with Suicide Attempts and Suicides,2024-01-31T14:24:07.000Z,https://pubmed.ncbi.nlm.nih.gov/29145752/,2
39204116,Why the U.S. Media Industry Is in Meltdown,2024-01-31T14:23:28.000Z,https://www.theringer.com/2024/1/23/24047683/us-media-industry-meltdown-sports-illustrated-layoffs-pitchfork,2
39204113,Show HN: Flux Player; the Missing OS for LLMs,2024-01-31T14:23:23.000Z,https://www.adamgrant.info/flux-player,1
39204110,Sin-Eater,2024-01-31T14:23:13.000Z,https://en.wikipedia.org/wiki/Sin-eater,3
39204086,Reinventing Network Monitoring and Observability with Kentik AI,2024-01-31T14:20:46.000Z,https://www.kentik.com/blog/reinventing-network-monitoring-and-observability-with-kentik-ai/,1
39204085,Extraction of raw materials to rise by 60% by 2060; says UN report,2024-01-31T14:20:42.000Z,https://www.theguardian.com/environment/2024/jan/31/raw-materials-extraction-2060-un-report,1
39204061,Lightspeed taps private equity playbook as it eyes $1B asset sale,2024-01-31T14:18:50.000Z,https://www.ft.com/content/18430e05-33c0-4f48-8c87-fae74ff29bbf,1
39204027,Cameroon starts world-first malaria mass vaccine rollout,2024-01-31T14:16:29.000Z,https://www.bbc.com/news/world-africa-68037008,1
39204021,Self-Control as a Performance-Enhancing Drug,2024-01-31T14:15:53.000Z,https://www.stevestewartwilliams.com/p/self-control-as-a-performance-enhancing,2
39203989,LangChain Support for Workers AI; Vectorize and D1,2024-01-31T14:13:17.000Z,https://blog.cloudflare.com/langchain-support-for-workers-ai-vectorize-and-d1,3
39203979,Using Gemini Models in Go with LangChainGo,2024-01-31T14:12:29.000Z,https://eli.thegreenplace.net/2024/using-gemini-models-in-go-with-langchaingo/,2
39203977,Auto Running Scripts and Applications in Embedded Linux,2024-01-31T14:12:19.000Z,https://www.adiuvoengineering.com/post/microzed-chronicles-petalinux-auto-run-at-start-up,1
39203963,Jony Ive tried to discontinue the MacBook Air,2024-01-31T14:11:20.000Z,https://9to5mac.com/2024/01/31/discontinue-the-macbook-air/,3
39203937,Ask HN: Is the job market is bad as everyone claims it is?,2024-01-31T14:08:26.000Z,,17
39203925,The global greening continues despite droughts,2024-01-31T14:07:10.000Z,https://www.sciencedirect.com/science/article/pii/S2351989423004262,1
39203916,Ask HN: Any good Silicon Valley Photo coffee table books?,2024-01-31T14:06:20.000Z,,57
39203897,An AI-Generated Content Empire Is Spreading Fake Celebrity Images on Google,2024-01-31T14:05:07.000Z,https://www.vice.com/en/article/k7z5gw/an-ai-generated-content-empire-is-spreading-fake-celebrity-images-on-google,2
39203862,Fourays: AY-3-8910 Synthesizer (Part 1),2024-01-31T14:01:33.000Z,https://doug.lon.dev/blog/2024/fourays/part-1/,9
39203840,Microservices for the Benefits; Not the Hustle,2024-01-31T13:59:51.000Z,https://linkedrecords.com/the-purposes-of-microservices-4e5f373f4ea3?gi=00431cb721be,2
39203831,Slint 1.4 Released with Additional Look and Improved APIs,2024-01-31T13:59:08.000Z,https://slint.dev/blog/slint-1.4-released,6
39203829,By chance I documented a shark's power to regenerate its sabotaged fin,2024-01-31T13:58:44.000Z,https://theconversation.com/i-set-out-to-investigate-where-silky-sharks-travel-and-by-chance-documented-a-sharks-amazing-power-to-regenerate-its-sabotaged-fin-220106,3
39203823,Ask HN: Which custom GPTs do you like and use regularly; if any?,2024-01-31T13:58:19.000Z,,2
39203821,Why BYD is breaking into shipping,2024-01-31T13:58:12.000Z,https://www.technologyreview.com/2024/01/31/1087429/why-byd-breaking-into-shipping/,1
39203817,The Big TDD Misunderstanding,2024-01-31T13:57:46.000Z,https://linkedrecords.com/the-big-tdd-misunderstanding-8e22c2f1fc21?gi=28021dee488c,1
39203815,The Reality of the Danish Fairytale,2024-01-31T13:57:27.000Z,https://world.hey.com/dhh/the-reality-of-the-danish-fairytale-78069fbf,4
39203779,How You Average Matters,2024-01-31T13:53:41.000Z,https://www.fortunesandfrictions.com/post/how-you-average-matters,1
39203766,Show HN: Earth Compute – open-source AI bounties,2024-01-31T13:52:37.000Z,https://earthcompute.com/,1
39203755,Errno and Libc,2024-01-31T13:52:03.000Z,https://dxuuu.xyz/errno.html,3
39203743,Cryonics Cost-Benefit Analysis,2024-01-31T13:50:42.000Z,http://niplav.site/considerations_on_cryonics.html,1
39203738,Godot 4.3 Game Engine to Feature Native Wayland Support,2024-01-31T13:50:02.000Z,https://www.phoronix.com/news/Godot-4.3-Wayland-Support,88
39203678,Show HN: Domain Generator (Simple),2024-01-31T13:45:12.000Z,https://martinbaun.com/blog/domain_generator,2
39203668,Alphabet stock slips after missing expectations on Google ad revenue,2024-01-31T13:43:45.000Z,https://finance.yahoo.com/news/alphabet-stock-slips-after-missing-expectations-on-google-ad-revenue-115256524.html,2
39203665,Shaka Zulu: The Life of Africa's Legendary Warrior King,2024-01-31T13:43:37.000Z,https://www.thecollector.com/shaka-zulu-life/,3
39203647,New Ransomware Reporting Requirements Kick In; Victims Increasingly Avoid Paying,2024-01-31T13:41:34.000Z,https://www.coveware.com/blog/2024/1/25/new-ransomware-reporting-requirements-kick-in-as-victims-increasingly-avoid-paying,2
39203633,Code Coverage for Arbitrary Languages Made Easy [pdf],2024-01-31T13:39:36.000Z,http://www.semdesigns.com/Company/Publications/TestCoverage.pdf,2
39203582,Prefer table driven tests (2019),2024-01-31T13:35:08.000Z,https://dave.cheney.net/2019/05/07/prefer-table-driven-tests,2
39203577,Show HN: Alternative framework for OpenAI document agent for all models,2024-01-31T13:34:59.000Z,https://app.intellinode.ai/,6
39203574,Towards modern development of cloud applications,2024-01-31T13:34:41.000Z,https://engineeringatscale.substack.com/p/towards-modern-development-of-cloud,1
39203554,Thank You for Unsubscribing,2024-01-31T13:32:43.000Z,https://preslav.me/2024/01/26/thank-you-for-unsubscribing-rss-vs-newsletters/,3
39203547,Antiviral color nanocoating technology,2024-01-31T13:32:16.000Z,https://www.eurekalert.org/news-releases/1032900,1
39203542,Does fermion doubling make the universe not a computer?,2024-01-31T13:32:00.000Z,https://scottaaronson.blog/?p=7705,52
39203538,Show HN: Oldest Search – A Google search ordered by oldest first,2024-01-31T13:31:46.000Z,https://oldestsearch.com/,3
39203528,'Exemplar' digital hospitals trust hit by multiple tech-related traumas,2024-01-31T13:30:51.000Z,https://www.theregister.com/2024/01/31/digital_hospitals_trust_uk_tech_trouble/,1
39203526,China's Censorship Dragnet Targets Critics of the Economy,2024-01-31T13:30:47.000Z,https://www.nytimes.com/2024/01/31/business/china-censorship-economy-markets.html,10